{"cameraMode":{"drawMode":0,"name":"Shaded","section":"Shading Mode"},"sceneLighting":false,"audioPlay":false,"sceneViewState":{"showFog":true,"showMaterialUpdate":false,"showSkybox":true,"showFlares":true,"showImageEffects":true,"showParticleSystems":true},"in2DMode":false,"pivot":{"x":288.8822021484375,"y":288.30865478515627,"z":-27.768844604492189},"rotation":{"x":0.049442194402217868,"y":0.0389423593878746,"z":-0.0019292057259008289,"w":0.9980159401893616},"size":425.846923828125,"orthographic":false}