{"cameraMode":{"drawMode":0,"name":"Shaded","section":"Shading Mode"},"sceneLighting":true,"audioPlay":false,"sceneViewState":{"showFog":true,"showMaterialUpdate":false,"showSkybox":true,"showFlares":true,"showImageEffects":true,"showParticleSystems":true},"in2DMode":false,"pivot":{"x":-2.458080768585205,"y":-1.952744483947754,"z":1.6360015869140626},"rotation":{"x":-0.250417560338974,"y":-0.27500826120376589,"z":0.0744299590587616,"w":-0.9252744317054749},"size":12.325185775756836,"orthographic":false}