{"cameraMode":{"drawMode":0,"name":"Shaded","section":"Shading Mode"},"sceneLighting":false,"audioPlay":false,"sceneViewState":{"showFog":true,"showMaterialUpdate":false,"showSkybox":true,"showFlares":true,"showImageEffects":true,"showParticleSystems":true},"in2DMode":false,"pivot":{"x":-0.331355482339859,"y":1.2836213111877442,"z":-1.433024287223816},"rotation":{"x":-0.17933513224124909,"y":0.0020619924180209638,"z":-0.00037946339580230415,"w":-0.9837914705276489},"size":6.882833480834961,"orthographic":false}