{"cameraMode":{"drawMode":0,"name":"Shaded","section":"Shading Mode"},"sceneLighting":false,"audioPlay":false,"sceneViewState":{"showFog":true,"showMaterialUpdate":false,"showSkybox":true,"showFlares":true,"showImageEffects":true,"showParticleSystems":true},"in2DMode":false,"pivot":{"x":168.39955139160157,"y":286.0874328613281,"z":-24.519134521484376},"rotation":{"x":0.010252446867525578,"y":-0.2157774120569229,"z":0.002265745773911476,"w":0.9763864278793335},"size":244.37796020507813,"orthographic":false}