{"cameraMode":{"drawMode":0,"name":"Shaded","section":"Shading Mode"},"sceneLighting":false,"audioPlay":false,"sceneViewState":{"showFog":true,"showMaterialUpdate":false,"showSkybox":true,"showFlares":true,"showImageEffects":true,"showParticleSystems":true},"in2DMode":false,"pivot":{"x":-0.8035755157470703,"y":-0.6593382358551025,"z":12.427478790283204},"rotation":{"x":-0.1274578720331192,"y":0.009517463855445385,"z":-0.0012381054693832994,"w":-0.991810142993927},"size":23.522924423217775,"orthographic":false}