{"cameraMode":{"drawMode":0,"name":"Shaded","section":"Shading Mode"},"sceneLighting":false,"audioPlay":false,"sceneViewState":{"showFog":true,"showMaterialUpdate":false,"showSkybox":true,"showFlares":true,"showImageEffects":true,"showParticleSystems":true},"in2DMode":false,"pivot":{"x":312.7514953613281,"y":306.9345703125,"z":-173.6263427734375},"rotation":{"x":0.044417425990104678,"y":-0.15817071497440339,"z":0.007122508250176907,"w":0.9863870143890381},"size":268.6005554199219,"orthographic":false}