{"cameraMode":{"drawMode":0,"name":"Shaded","section":"Shading Mode"},"sceneLighting":true,"audioPlay":false,"sceneViewState":{"showFog":true,"showMaterialUpdate":false,"showSkybox":true,"showFlares":true,"showImageEffects":true,"showParticleSystems":true},"in2DMode":false,"pivot":{"x":618.9745483398438,"y":778.0966796875,"z":-307.90814208984377},"rotation":{"x":0.019498471170663835,"y":0.005998906213790178,"z":-0.00011757919128285721,"w":0.9997931718826294},"size":1005.9872436523438,"orthographic":false}