{"cameraMode":{"drawMode":0,"name":"Shaded","section":"Shading Mode"},"sceneLighting":false,"audioPlay":false,"sceneViewState":{"showFog":true,"showMaterialUpdate":false,"showSkybox":true,"showFlares":true,"showImageEffects":true,"showParticleSystems":true},"in2DMode":false,"pivot":{"x":52.84228515625,"y":421.5945739746094,"z":-307.96759033203127},"rotation":{"x":0.06146196648478508,"y":-0.0014969854382798076,"z":0.00009727645374368876,"w":0.9981228113174439},"size":226.67230224609376,"orthographic":false}