{"cameraMode":{"drawMode":0,"name":"Shaded","section":"Shading Mode"},"sceneLighting":true,"audioPlay":false,"sceneViewState":{"showFog":true,"showMaterialUpdate":false,"showSkybox":true,"showFlares":true,"showImageEffects":true,"showParticleSystems":true},"in2DMode":false,"pivot":{"x":-22.548526763916017,"y":-3.8715384006500246,"z":126.69466400146485},"rotation":{"x":-0.091680146753788,"y":-0.006874680519104004,"z":0.0006175818853080273,"w":-0.99577796459198},"size":140.95347595214845,"orthographic":false}