{"cameraMode":{"drawMode":0,"name":"Shaded","section":"Shading Mode"},"sceneLighting":false,"audioPlay":false,"sceneViewState":{"showFog":true,"showMaterialUpdate":false,"showSkybox":true,"showFlares":true,"showImageEffects":true,"showParticleSystems":true},"in2DMode":false,"pivot":{"x":-176.73226928710938,"y":340.0111083984375,"z":-200.90533447265626},"rotation":{"x":0.10147569328546524,"y":-0.1868734210729599,"z":0.019416965544223787,"w":0.9769494533538818},"size":504.53424072265627,"orthographic":false}