{"cameraMode":{"drawMode":0,"name":"Shaded","section":"Shading Mode"},"sceneLighting":false,"audioPlay":false,"sceneViewState":{"showFog":true,"showMaterialUpdate":false,"showSkybox":true,"showFlares":true,"showImageEffects":true,"showParticleSystems":true},"in2DMode":false,"pivot":{"x":641.0454711914063,"y":473.8588562011719,"z":-808.4859008789063},"rotation":{"x":0.017951009795069696,"y":0.07342298328876496,"z":-0.0013168242294341326,"w":0.9971526861190796},"size":825.191162109375,"orthographic":false}