{"cameraMode":{"drawMode":0,"name":"Shaded","section":"Shading Mode"},"sceneLighting":false,"audioPlay":false,"sceneViewState":{"showFog":true,"showMaterialUpdate":false,"showSkybox":true,"showFlares":true,"showImageEffects":true,"showParticleSystems":true},"in2DMode":false,"pivot":{"x":576.6980590820313,"y":325.11309814453127,"z":-178.49749755859376},"rotation":{"x":-0.04924875497817993,"y":0.3447735905647278,"z":0.01812005043029785,"w":0.9372316002845764},"size":380.8954162597656,"orthographic":false}