{"cameraMode":{"drawMode":0,"name":"Shaded","section":"Shading Mode"},"sceneLighting":false,"audioPlay":false,"sceneViewState":{"showFog":true,"showMaterialUpdate":false,"showSkybox":false,"showFlares":true,"showImageEffects":true,"showParticleSystems":true},"in2DMode":false,"pivot":{"x":0.0,"y":-1.7769999504089356,"z":-0.9570000171661377},"rotation":{"x":-0.23047293722629548,"y":0.044351574033498767,"z":-0.010515841655433178,"w":-0.9720129370689392},"size":285.1539611816406,"orthographic":false}