{"cameraMode":{"drawMode":0,"name":"Shaded","section":"Shading Mode"},"sceneLighting":false,"audioPlay":false,"sceneViewState":{"showFog":true,"showMaterialUpdate":false,"showSkybox":true,"showFlares":true,"showImageEffects":true,"showParticleSystems":true},"in2DMode":false,"pivot":{"x":56.14452362060547,"y":484.17828369140627,"z":-101.72872161865235},"rotation":{"x":-0.041663724929094318,"y":-0.12407127022743225,"z":-0.005209572147578001,"w":0.9913976192474365},"size":281.734619140625,"orthographic":false}