{"cameraMode":{"drawMode":0,"name":"Shaded","section":"Shading Mode"},"sceneLighting":false,"audioPlay":false,"sceneViewState":{"showFog":true,"showMaterialUpdate":false,"showSkybox":true,"showFlares":true,"showImageEffects":true,"showParticleSystems":true},"in2DMode":false,"pivot":{"x":346.1424560546875,"y":330.0353698730469,"z":-6.40936279296875},"rotation":{"x":-0.05671496316790581,"y":-0.09420616924762726,"z":-0.005375574808567762,"w":0.9939217567443848},"size":327.96966552734377,"orthographic":false}